"","GLM.rmse","GLM.nse","GLM.r","GLM.bias","GLM.mae","GLM.nmae","GOTM.rmse","GOTM.nse","GOTM.r","GOTM.bias","GOTM.mae","GOTM.nmae","Simstrat.rmse","Simstrat.nse","Simstrat.r","Simstrat.bias","Simstrat.mae","Simstrat.nmae","ensemble_mean.rmse","ensemble_mean.nse","ensemble_mean.r","ensemble_mean.bias","ensemble_mean.mae","ensemble_mean.nmae"
"1",3.2212395320453,0.73086980447879,0.924899519544307,1.99208529355309,2.38151374247343,0.24157695664029,2.57857882679243,0.820667263201439,0.920391355232702,-0.925876231735142,2.16143220450244,0.186991451374216,2.15121338116108,0.875185301184632,0.943539162671223,0.682382172742892,1.38187320859298,0.123208848605789,1.96670673718515,0.895677505575883,0.951819835820941,0.559332036200169,1.38585453158248,0.135973181192909
