"","GLM.rmse","GLM.nse","GLM.r","GLM.bias","GLM.mae","GLM.nmae","GOTM.rmse","GOTM.nse","GOTM.r","GOTM.bias","GOTM.mae","GOTM.nmae","Simstrat.rmse","Simstrat.nse","Simstrat.r","Simstrat.bias","Simstrat.mae","Simstrat.nmae","ensemble_mean.rmse","ensemble_mean.nse","ensemble_mean.r","ensemble_mean.bias","ensemble_mean.mae","ensemble_mean.nmae"
"1",2.38716569240864,0.858797835136015,0.958718763790895,1.48623808997592,1.74156125549074,Inf,2.24945425851731,0.87453519344257,0.950750899969942,-1.0870527365619,1.8238135509581,Inf,1.72812286179884,0.925951405492148,0.962643342528722,0.00662205477280273,1.16199341273847,0.133107182984302,1.44239290469072,0.948413656791931,0.974102647134476,0.134732938429498,1.03509145730576,Inf
