"","GLM.rmse","GLM.nse","GLM.r","GLM.bias","GLM.mae","GLM.nmae","GOTM.rmse","GOTM.nse","GOTM.r","GOTM.bias","GOTM.mae","GOTM.nmae","Simstrat.rmse","Simstrat.nse","Simstrat.r","Simstrat.bias","Simstrat.mae","Simstrat.nmae","ensemble_mean.rmse","ensemble_mean.nse","ensemble_mean.r","ensemble_mean.bias","ensemble_mean.mae","ensemble_mean.nmae"
"1",2.06670949797639,0.894163590653076,0.965660989582343,1.12126639829206,1.50019512314086,Inf,2.27384505381976,0.87179961686609,0.952113185481775,-1.18191124970022,1.84877385019465,Inf,1.72205584004629,0.926470426253534,0.963248929619812,-0.170418515434148,1.15700648456765,0.134355568037272,1.29718546146521,0.958277364516737,0.978995244713983,-0.0774563192512439,0.969312680490039,Inf
