"","GLM.rmse","GLM.nse","GLM.r","GLM.bias","GLM.mae","GLM.nmae","GOTM.rmse","GOTM.nse","GOTM.r","GOTM.bias","GOTM.mae","GOTM.nmae","Simstrat.rmse","Simstrat.nse","Simstrat.r","Simstrat.bias","Simstrat.mae","Simstrat.nmae","ensemble_mean.rmse","ensemble_mean.nse","ensemble_mean.r","ensemble_mean.bias","ensemble_mean.mae","ensemble_mean.nmae"
"1",1.98342933959089,0.902521308011179,0.954773252626202,0.0292938874112344,1.50038890230138,Inf,2.24945425851731,0.87453519344257,0.950750899969942,-1.0870527365619,1.8238135509581,Inf,2.20026520793802,0.879962303892734,0.952091352104701,-1.01142408102345,1.55479500945768,0.166202729191346,1.51327181955341,0.943219203843137,0.977261781217178,-0.690081378118721,1.14120856818458,Inf
