"","GLM.rmse","GLM.nse","GLM.r","GLM.bias","GLM.mae","GLM.nmae","GOTM.rmse","GOTM.nse","GOTM.r","GOTM.bias","GOTM.mae","GOTM.nmae","Simstrat.rmse","Simstrat.nse","Simstrat.r","Simstrat.bias","Simstrat.mae","Simstrat.nmae","ensemble_mean.rmse","ensemble_mean.nse","ensemble_mean.r","ensemble_mean.bias","ensemble_mean.mae","ensemble_mean.nmae"
"1",1.97323317146256,0.903520944781813,0.95881269386382,0.561781722902709,1.46877745475993,Inf,2.24945425851731,0.87453519344257,0.950750899969942,-1.0870527365619,1.8238135509581,Inf,1.7946837010197,0.920137403526666,0.962126387057887,-0.45422725161975,1.21406812312378,0.13794242769546,1.36420997302474,0.953854428531157,0.978012070292963,-0.326883266340799,1.02727710861169,Inf
