"","GLM.rmse","GLM.nse","GLM.r","GLM.bias","GLM.mae","GLM.nmae","GOTM.rmse","GOTM.nse","GOTM.r","GOTM.bias","GOTM.mae","GOTM.nmae","Simstrat.rmse","Simstrat.nse","Simstrat.r","Simstrat.bias","Simstrat.mae","Simstrat.nmae","ensemble_mean.rmse","ensemble_mean.nse","ensemble_mean.r","ensemble_mean.bias","ensemble_mean.mae","ensemble_mean.nmae"
"1",2.64933043386729,0.825962042106436,0.949700095890763,1.67371611431406,1.93544183279122,Inf,2.46713256785012,0.849076560334661,0.934852019425124,-1.00148536235442,2.01093004698992,Inf,1.48659153569273,0.945203220710528,0.973126115574251,0.245037749016949,1.02464488998848,0.107032672015455,1.573837545445,0.938582586170611,0.970004630693586,0.305756166992195,1.19147985924124,Inf
